{"loss": 0.3160271942615509, "accuracy": 0.8838000297546387}