{"loss": 0.33119794726371765, "accuracy": 0.8826000094413757}