{"loss": 0.3067094683647156, "accuracy": 0.8895000219345093}