{"loss": 0.2853693664073944, "accuracy": 0.895799994468689}