epoch,loss,accuracy
1,0.5484437942504883,0.8081499934196472
2,0.35616469383239746,0.8755666613578796
3,0.31005704402923584,0.8905166387557983
