epoch,loss,accuracy
1,0.6221565008163452,0.78329998254776
2,0.4032503068447113,0.8599833250045776
3,0.3530203104019165,0.8763166666030884
