epoch,loss,accuracy
1,0.5141283273696899,0.8182500004768372
2,0.36931344866752625,0.8658666610717773
3,0.3308201730251312,0.878350019454956
