epoch,loss,accuracy
1,0.6838377118110657,0.7629166841506958
2,0.458297461271286,0.8408166766166687
3,0.39727866649627686,0.8615333437919617
