step	accuracy
0	0.8182500004768372
1	0.8658666610717773
2	0.878350019454956
