step	accuracy
0	0.7629166841506958
1	0.8408166766166687
2	0.8615333437919617
