step	accuracy
0	0.78329998254776
1	0.8599833250045776
2	0.8763166666030884
