step	accuracy
0	0.8081499934196472
1	0.8755666613578796
2	0.8905166387557983
